"effect","model","estimand","est_cr","se_cr","est_mt","se_mt","diff","diff_se"
"altX_gender_m_fd","model_1","accumulated",0.0011488235831771,0.0139637257489755,0.0554574356688017,0.085115054620438,-0.0543086120856246,0.0862528733424734
"altX_gender_m_fd","model_1","dynamic",0.000473606312115803,0.00284011112937528,0.0106352416319753,0.0181819789279825,-0.0101616353198595,0.018402461492007
"altX_gender_m_fd","model_1","static",0.000623810786482833,0.0029433152958915,0.0116312883471943,0.019537329158993,-0.0110074775607115,0.0197577917692708
"altX_gender_m_fd","model_2","accumulated",0.00177937977396212,0.011478399691169,-0.000971986674257804,0.0605954192322101,0.00275136644821992,0.0616729964522361
"altX_gender_m_fd","model_2","dynamic",2.58781117002642e-06,0.00202821300940402,-0.00157662836158853,0.0104179225928054,0.00157921617275855,0.0106135177562013
"altX_gender_m_fd","model_2","static",0.00046636048740574,0.00210577826143166,-0.000193788833280698,0.0129340688156555,0.000660149320686438,0.0131043671428432
"altX_gender_m_fd","model_3","accumulated",0.00356063940546731,0.0114802211779263,0.0307927475709648,0.072880919893062,-0.0272321081654975,0.0737795633136509
"altX_gender_m_fd","model_3","dynamic",0.000770865816068628,0.00210577838513596,0.00438965208841835,0.0131985935184096,-0.00361878627234972,0.0133655218181525
"altX_gender_m_fd","model_3","static",0.000952978959236514,0.00217249724645787,0.0029916172751944,0.0136089216309635,-0.00203863831595789,0.0137812369634795
"altX_gender_m_fd","model_4","accumulated",0.00547060520077635,0.0136758371362609,0.0550962937546956,0.0797397305258551,-0.0496256885539192,0.0809039748449575
"altX_gender_m_fd","model_4","dynamic",0.00126284784395996,0.0026274415459114,0.00911510387575711,0.0152832830794587,-0.00785225603179715,0.0155074882158281
"altX_gender_m_fd","model_4","static",0.00125755770793982,0.00263998693455101,0.0101233543424855,0.0167939700628596,-0.00886579663454569,0.0170002047483795
"altX_gender_m_fd","model_5","accumulated",0.00212712119173075,0.0114056554008369,-0.00228361692360189,0.0474219538466511,0.00441073811533263,0.0487742829958222
"altX_gender_m_fd","model_5","dynamic",0.000516194159175962,0.00234426119151933,-0.000449460798146341,0.00982209786616222,0.000965654957322303,0.0100979783633424
"altX_gender_m_fd","model_5","static",0.00061044669009952,0.00248403016360628,-0.000412936949206564,0.00959150109403745,0.00102338363930608,0.009907941213523
"egoX_gender_m_fd","model_1","accumulated",-0.00748299088800479,0.00749965930292413,-0.0540000563081961,0.0496444594137474,0.0465170654201914,0.0502077408388701
"egoX_gender_m_fd","model_1","dynamic",-0.00160275136990553,0.00159649113465205,-0.0108278579580949,0.0102902209598679,0.0092251065881894,0.0104133295033782
"egoX_gender_m_fd","model_1","static",-0.00154097242178799,0.00141157573422009,-0.0124157588140047,0.0107201678828739,0.0108747863922167,0.0108127029687511
"egoX_gender_m_fd","model_2","accumulated",-0.0152024387364341,0.00707140692987608,-0.121062240670633,0.0501269166188344,0.105859801934199,0.0506232413588806
"egoX_gender_m_fd","model_2","dynamic",-0.00253243665230321,0.00137558420358188,-0.0211492022109299,0.00978719705897849,0.0186167655586267,0.00988339304957671
"egoX_gender_m_fd","model_2","static",-0.00180703849430908,0.00114947693197782,-0.0180706875382185,0.00844059239101892,0.0162636490439094,0.00851850322113431
"egoX_gender_m_fd","model_3","accumulated",-0.0080145763908573,0.0073770046401351,-0.0707967697723535,0.0511701978943564,0.0627821933814962,0.0516992200135376
"egoX_gender_m_fd","model_3","dynamic",-0.00133443996558205,0.00132278902514032,-0.0126548068206065,0.00957686878365633,0.0113203668550244,0.00966779119056689
"egoX_gender_m_fd","model_3","static",-0.00118988235965435,0.00116586136581094,-0.011740465172636,0.00840392228886798,0.0105505828129817,0.0084844058461169
"egoX_gender_m_fd","model_4","accumulated",-0.00882875785354058,0.00794910277371854,-0.0645010894501298,0.0515382747274778,0.0556723315965893,0.0521476940697488
"egoX_gender_m_fd","model_4","dynamic",-0.00175022020463623,0.00155957645108472,-0.012900285030661,0.00999896522726818,0.0111500648260247,0.0101198608845624
"egoX_gender_m_fd","model_4","static",-0.00156552955838673,0.00133488457161449,-0.0139444432807955,0.00976240241483132,0.0123789137224088,0.00985324402055682
"egoX_gender_m_fd","model_5","accumulated",-0.00931590990456483,0.00648942889307447,-0.0613416344774929,0.0414930409475548,0.0520257245729281,0.0419974419986947
"egoX_gender_m_fd","model_5","dynamic",-0.00188603402625668,0.00139430468129964,-0.0126242964450386,0.00892028541327938,0.0107382624187819,0.00902859775373004
"egoX_gender_m_fd","model_5","static",-0.00159522687264109,0.00116891920944501,-0.0113445400812677,0.00793228546478649,0.00974931320862666,0.00801795016279551
"egoXaltX_gender_m_sd","model_1","accumulated",0.239478592256206,0.0277465803457703,1.34616676429073,0.155886412371694,-1.10668817203452,0.158336497002435
"egoXaltX_gender_m_sd","model_1","dynamic",0.0489778117918095,0.00440424140078334,0.287797462853374,0.0335371204635882,-0.238819651061565,0.0338250763680675
"egoXaltX_gender_m_sd","model_1","static",0.052431140267284,0.00486638975249082,0.263620777055294,0.0296507453677597,-0.21118963678801,0.0300474366641627
"egoXaltX_gender_m_sd","model_2","accumulated",0.123803168546215,0.0229704632709814,0.708467867648016,0.169125339404096,-0.584664699101801,0.17067812575557
"egoXaltX_gender_m_sd","model_2","dynamic",0.0223741417699733,0.00278816755539838,0.12465245047418,0.0248064239282409,-0.102278308704206,0.0249626229876706
"egoXaltX_gender_m_sd","model_2","static",0.02264741691309,0.00316815543146381,0.11285975938861,0.0204342448869867,-0.0902123424755201,0.0206783841955616
"egoXaltX_gender_m_sd","model_3","accumulated",0.153959909499472,0.0225925737293464,0.894317512449531,0.16714842492131,-0.740357602950059,0.168668373862413
"egoXaltX_gender_m_sd","model_3","dynamic",0.0261314217377677,0.00300177830557568,0.155633687377899,0.0265480969148138,-0.129502265640131,0.0267172626366208
"egoXaltX_gender_m_sd","model_3","static",0.0274002976635511,0.00320313076336843,0.135462937642748,0.0221879359760414,-0.108062639979196,0.0224179515024042
"egoXaltX_gender_m_sd","model_4","accumulated",0.199430047280739,0.0241270277546795,1.06035558762139,0.148220219299876,-0.860925540340649,0.15017105872164
"egoXaltX_gender_m_sd","model_4","dynamic",0.0378686303879576,0.00373111250910657,0.201445177615804,0.0275012356979273,-0.163576547227846,0.0277531829790488
"egoXaltX_gender_m_sd","model_4","static",0.0398723282374169,0.00391581825339424,0.183598451215883,0.0244689513442613,-0.143726122978466,0.0247802988779684
"egoXaltX_gender_m_sd","model_5","accumulated",0.000780571445775272,0.00135068527865106,-0.00183900085996275,0.0051297395425611,0.00261957230573803,0.0053045808973452
"egoXaltX_gender_m_sd","model_5","dynamic",6.73384819459909e-05,0.000163353526119376,-0.000202862423535933,0.000718461459412283,0.000270200905481924,0.000736797966308581
"egoXaltX_gender_m_sd","model_5","static",7.3964257811239e-05,0.000155628226443055,-0.000395478950626168,0.000792340199911289,0.000469443208437407,0.0008074794964959
"interaction_sd","model_0","accumulated",-0.0162066135928644,0.037551507657703,-0.494651212692384,0.051538723142022,0.47844459909952,0.0637679834280222
"interaction_sd","model_0","dynamic",-0.00327058570308501,0.00635920522460657,-0.0922814824031516,0.00975913379789798,0.0890108967000666,0.0116481837027898
"interaction_sd","model_0","static",-0.0015645018089869,0.00621696981669963,-0.0875141034643563,0.00900270239678751,0.0859496016553694,0.0109407204583098
"interaction_sd","model_2","accumulated",-0.0245534307598446,0.0366739724297,-0.458217845821305,0.0594203683846734,0.43366441506146,0.0698266455784946
"interaction_sd","model_2","dynamic",-0.00479903979006231,0.00625849410918835,-0.0889167307414362,0.0106711443551793,0.0841176909513739,0.0123710173536302
"interaction_sd","model_2","static",-0.00378030911086066,0.00607067256815005,-0.0838670800363339,0.0108741154910013,0.0800867709254732,0.0124538930917735
"recip_fd","model_0","accumulated",0.31790171389299,0.0367117063427756,1.01229222822207,0.0874821457289375,-0.69439051432908,0.0948729424226805
"recip_fd","model_0","dynamic",0.0526635469999618,0.00669067855505572,0.195014033128552,0.0160850563572218,-0.14235048612859,0.0174210854295042
"recip_fd","model_0","static",0.0592624754968669,0.00639701228850668,0.172632673824793,0.014918337001534,-0.113370198327926,0.0162320222126094
"recip_fd","model_2","accumulated",0.243576160122261,0.0354658309680601,0.87410754692434,0.0933970355923406,-0.630531386802078,0.0999041111450973
"recip_fd","model_2","dynamic",0.0382420950009987,0.00546939129469219,0.16337998232154,0.0156474287083148,-0.125137887320541,0.0165757734756556
"recip_fd","model_2","static",0.0465576143995908,0.0061058186269717,0.141578055135831,0.0133911043033508,-0.0950204407362406,0.0147174282933091
"recip_fd","model_3","accumulated",0.174378650418032,0.0201305360633569,0.673390692690328,0.0796112264750991,-0.499012042272296,0.0821169036378481
"recip_fd","model_3","dynamic",0.0284745108987383,0.00333283327049175,0.120208690149731,0.0145352276897514,-0.091734179250993,0.0149124317802904
"recip_fd","model_3","static",0.0307923620148375,0.00332964551011122,0.11543502879356,0.0135117586125257,-0.0846426667787223,0.0139159678077439
"recip_fd","model_4","accumulated",0.182886483383897,0.0217720914493764,0.609966750191972,0.0755265259368242,-0.427080266808075,0.0786020361451648
"recip_fd","model_4","dynamic",0.0335622046498042,0.00405940624769306,0.115279097717701,0.0146498015548444,-0.0817168930678968,0.0152018243865705
"recip_fd","model_4","static",0.0360381032839991,0.00400777759222833,0.10905082621666,0.0129944759935188,-0.0730127229326605,0.0135984810760211
"transTrip1_fd","model_0","accumulated",0.0915482703415892,0.00932554772489849,0.243153553006826,0.0186745259582263,-0.151605282665236,0.0208735181542027
"transTrip1_fd","model_0","dynamic",0.0157119083556954,0.00123441367092532,0.045518212404917,0.00316281802824929,-0.0298063040492215,0.00339517230649433
"transTrip1_fd","model_0","static",0.0152702996879702,0.00121852064106249,0.0431119794560739,0.00391375296373435,-0.0278416797681037,0.00409905535627841
"transTrip1_fd","model_2","accumulated",0.0875864360879773,0.00800017123491913,0.219360142100826,0.0185553619190335,-0.131773706012849,0.0202065384401769
"transTrip1_fd","model_2","dynamic",0.0140413646088721,0.00128059536643864,0.0397111500492424,0.00345553807348219,-0.0256697854403703,0.00368519577089591
"transTrip1_fd","model_2","static",0.0139074047673408,0.00116541837530729,0.0390111998208317,0.00315718974163463,-0.0251037950534909,0.00336541929842134
"transTrip1_fd","model_3","accumulated",0.0717248385947261,0.00670322778154807,0.239481323203516,0.0159090209661495,-0.167756484608789,0.0172635515115721
"transTrip1_fd","model_3","dynamic",0.0118838051573469,0.00103543504819479,0.0438027776392281,0.00313477759729054,-0.0319189724818813,0.0033013567398124
"transTrip1_fd","model_3","static",0.0126791753494353,0.00102117686598426,0.0394616087026514,0.00264136531356925,-0.0267824333532161,0.00283189210799921
"X_primary","model_1","accumulated",0.104459272482633,0.0194810063400549,0.34637681700815,0.0467295941853495,-0.241917544525517,0.0506277056634874
"X_primary","model_1","dynamic",0.0210038168062499,0.00373864369636627,0.0732191092041982,0.00967604600935884,-0.0522152923979483,0.0103732021605485
"X_primary","model_1","static",0.0225941491413599,0.00396212721264166,0.069486258218855,0.00891613732313868,-0.046892109077495,0.00975684153884966
"X_primary","model_2","accumulated",0.072489283038699,0.0135398440881066,0.306353495662507,0.0489728618092601,-0.233864212623808,0.0508101227288335
"X_primary","model_2","dynamic",0.013360750497862,0.00243125158883087,0.0575540085933281,0.0072176074309138,-0.0441932580954661,0.00761609094713126
"X_primary","model_2","static",0.0136841736023013,0.0023808545522162,0.0601635029208374,0.00658204813154774,-0.0464793293185361,0.00699941611885018
"X_primary","model_3","accumulated",0.0753812650763395,0.0143600753020124,0.346339935712834,0.0438809400774339,-0.270958670636495,0.0461708638078043
"X_primary","model_3","dynamic",0.013301159824818,0.00249231179320442,0.0631418156297715,0.00745717573985784,-0.0498406558049535,0.00786263874851631
"X_primary","model_3","static",0.0140328610124663,0.00256440952596128,0.0598417486894554,0.00641775368146583,-0.0458088876769892,0.00691113294133525
"X_primary","model_4","accumulated",0.072890485735414,0.015508502741975,0.287806218783479,0.0424217183547665,-0.214915733048065,0.0451676415752359
"X_primary","model_4","dynamic",0.0138639917605392,0.00271621943067288,0.0560185923285425,0.00674086929298522,-0.0421546005680033,0.00726754200680505
"X_primary","model_4","static",0.0146706367669691,0.00280090728571399,0.0535565521922766,0.00589144182188436,-0.0388859154253074,0.00652335560611361
"X_primary","model_5","accumulated",0.0576347379282237,0.0144242852547223,0.257725705759983,0.049027241475544,-0.200090967831759,0.0511050918383961
"X_primary","model_5","dynamic",0.0119599659604875,0.00267922707707389,0.0543202312434469,0.0089104109582055,-0.0423602652829594,0.0093044979001897
"X_primary","model_5","static",0.0124400513314714,0.00273284496691472,0.0532776976095114,0.00751585788733081,-0.0408376462780399,0.00799728462640563
