"est","se","ci_low","ci_high","effect","model","class_id","pval","tau2","QEp","k","method","estimand","context"
0.0592624754968669,0.00639701228850668,0.0467245618027337,0.0718003891910002,"recip_fd","model_0","Summary",1.96754185836272e-20,6.00740976568074e-05,0.539406759554966,17,"REML","static","creation"
0.0465576143995908,0.0061058186269717,0.0345904297945925,0.0585247990045892,"recip_fd","model_2","Summary",2.43802938991886e-14,0,0.769389925812509,17,"REML","static","creation"
0.0307923620148375,0.00332964551011122,0.024266376733734,0.0373183472959409,"recip_fd","model_3","Summary",2.28860676169927e-20,4.44613373900596e-05,0.114274062245732,17,"REML","static","creation"
0.0360381032839991,0.00400777759222833,0.0281830035451849,0.0438932030228133,"recip_fd","model_4","Summary",2.42679577660036e-19,9.7005471902709e-05,0.0421561199707065,17,"REML","static","creation"
0.0152702996879702,0.00121852064106249,0.012882043117069,0.0176585562588713,"transTrip1_fd","model_0","Summary",4.99923860013444e-36,2.92775569369206e-06,0.240700738779486,17,"REML","static","creation"
0.0139074047673408,0.00116541837530729,0.0116232267248174,0.0161915828098643,"transTrip1_fd","model_2","Summary",7.92675030707659e-33,0,0.856268897525965,17,"REML","static","creation"
0.0126791753494353,0.00102117686598426,0.0106777054702607,0.01468064522861,"transTrip1_fd","model_3","Summary",2.13359828067007e-35,0,0.691868397267392,17,"REML","static","creation"
-0.0015645018089869,0.00621696981669963,-0.0137495387426908,0.0106205351247169,"interaction_sd","model_0","Summary",0.801311439134948,0,0.996512475561723,17,"REML","static","creation"
-0.00378030911086066,0.00607067256815005,-0.01567860870637,0.00811799048464872,"interaction_sd","model_2","Summary",0.533470714862311,0,0.992646848510561,17,"REML","static","creation"
0.0225941491413599,0.00396212721264166,0.0148285225024162,0.0303597757803036,"X_primary","model_1","Summary",1.18042154593604e-08,6.73052104479213e-05,0.191716417202127,17,"REML","static","creation"
0.0136841736023013,0.0023808545522162,0.00901778442752932,0.0183505627770733,"X_primary","model_2","Summary",9.05249156681838e-09,0,0.749739578247752,17,"REML","static","creation"
0.0140328610124663,0.00256440952596128,0.00900671069997074,0.0190590113249618,"X_primary","model_3","Summary",4.44581414040636e-08,0,0.764581322163646,17,"REML","static","creation"
0.0146706367669691,0.00280090728571399,0.00918095936293385,0.0201603141710044,"X_primary","model_4","Summary",1.62488008007689e-07,6.96071118903164e-06,0.473906667018272,17,"REML","static","creation"
0.0124400513314714,0.00273284496691472,0.00708377362098703,0.0177963290419558,"X_primary","model_5","Summary",5.31252985869716e-06,7.52800936335234e-06,0.213394375818968,17,"REML","static","creation"
-0.00154097242178799,0.00141157573422009,-0.00430761002231006,0.00122566517873408,"egoX_gender_m_fd","model_1","Summary",0.274978942255765,1.68522213836021e-05,0.00839352169086261,17,"REML","static","creation"
-0.00180703849430908,0.00114947693197782,-0.00405997188204521,0.000445894893427054,"egoX_gender_m_fd","model_2","Summary",0.115938293515926,1.8110554471981e-06,0.313906506655506,17,"REML","static","creation"
-0.00118988235965435,0.00116586136581094,-0.00347492864761047,0.00109516392830178,"egoX_gender_m_fd","model_3","Summary",0.30744226178829,5.02855185378255e-06,0.179593464298439,17,"REML","static","creation"
-0.00156552955838673,0.00133488457161449,-0.00418185524226932,0.00105079612549585,"egoX_gender_m_fd","model_4","Summary",0.240882949507855,1.42396694654321e-05,0.0137237877537508,17,"REML","static","creation"
-0.00159522687264109,0.00116891920944501,-0.00388626642399034,0.000695812678708166,"egoX_gender_m_fd","model_5","Summary",0.172346599078397,7.49238464799e-06,0.0841389339355118,17,"REML","static","creation"
0.000623810786482833,0.0029433152958915,-0.00514498118861037,0.00639260276157603,"altX_gender_m_fd","model_1","Summary",0.83215263979317,0.000107437695628226,8.34035132632017e-09,17,"REML","static","creation"
0.00046636048740574,0.00210577826143166,-0.00366088906442768,0.00459361003923916,"altX_gender_m_fd","model_2","Summary",0.824728794380674,4.07991405581108e-05,0.0013984126184765,17,"REML","static","creation"
0.000952978959236514,0.00217249724645787,-0.00330503740033336,0.00521099531880638,"altX_gender_m_fd","model_3","Summary",0.660910811102575,4.96508152976091e-05,8.94765120450878e-05,17,"REML","static","creation"
0.00125755770793982,0.00263998693455101,-0.00391672160343646,0.0064318370193161,"altX_gender_m_fd","model_4","Summary",0.63382506804528,8.30408190345889e-05,1.07395707552893e-07,17,"REML","static","creation"
0.00061044669009952,0.00248403016360628,-0.00425816296707993,0.00547905634727897,"altX_gender_m_fd","model_5","Summary",0.80587692454723,6.56575643699859e-05,4.07468063103354e-05,17,"REML","static","creation"
0.052431140267284,0.00486638975249082,0.0428931916176672,0.0619690889169008,"egoXaltX_gender_m_sd","model_1","Summary",4.56048304743091e-27,0.000276015864956084,1.83550189673331e-05,17,"REML","static","creation"
0.02264741691309,0.00316815543146381,0.016437946369996,0.0288568874561841,"egoXaltX_gender_m_sd","model_2","Summary",8.775993285421e-13,3.06417832036987e-05,0.131561949211448,17,"REML","static","creation"
0.0274002976635511,0.00320313076336843,0.0211222767295767,0.0336783185975255,"egoXaltX_gender_m_sd","model_3","Summary",1.18664405271851e-17,4.99162209863833e-05,0.0537652156495105,17,"REML","static","creation"
0.0398723282374169,0.00391581825339424,0.0321974654907597,0.0475471909840742,"egoXaltX_gender_m_sd","model_4","Summary",2.37689215410355e-24,0.000136843465087001,0.00140419629370432,17,"REML","static","creation"
7.3964257811239e-05,0.000155628226443055,-0.000231061460994993,0.000378989976617471,"egoXaltX_gender_m_sd","model_5","Summary",0.634599894086297,0,0.630290562842544,17,"REML","static","creation"
0.172632673824793,0.014918337001534,0.143393270592555,0.201872077057031,"recip_fd","model_0","Summary",5.72388290189088e-31,0.00220625217146418,0.00044525328855686,17,"REML","static","maintenance"
0.141578055135831,0.0133911043033508,0.115331972988045,0.167824137283618,"recip_fd","model_2","Summary",3.99502700763005e-26,0.00110683787104499,0.0405522535204829,17,"REML","static","maintenance"
0.11543502879356,0.0135117586125257,0.0889524685452106,0.141917589041909,"recip_fd","model_3","Summary",1.30440388466847e-17,0.00190638382873523,0.000230187856308665,17,"REML","static","maintenance"
0.10905082621666,0.0129944759935188,0.0835821212713924,0.134519531161927,"recip_fd","model_4","Summary",4.77570644092014e-17,0.00189447484442402,9.34453153167922e-06,17,"REML","static","maintenance"
0.0431119794560739,0.00391375296373435,0.0354411646027677,0.0507827943093801,"transTrip1_fd","model_0","Summary",3.21714470304108e-28,0.000115240215957191,0.0118402724488966,17,"REML","static","maintenance"
0.0390111998208317,0.00315718974163463,0.0328232216348685,0.0451991780067949,"transTrip1_fd","model_2","Summary",4.5038668871848e-35,1.69344498700495e-05,0.337935193861108,17,"REML","static","maintenance"
0.0394616087026514,0.00264136531356925,0.0342846278180423,0.0446385895872605,"transTrip1_fd","model_3","Summary",1.81375717997378e-50,9.78618787629019e-07,0.609879575256056,17,"REML","static","maintenance"
-0.0875141034643563,0.00900270239678751,-0.105159075925592,-0.0698691310031203,"interaction_sd","model_0","Summary",2.45672328316069e-22,0,0.882711745801628,17,"REML","static","maintenance"
-0.0838670800363339,0.0108741154910013,-0.105179954762426,-0.0625542053102422,"interaction_sd","model_2","Summary",1.23335393050369e-14,0,0.972241566839873,17,"REML","static","maintenance"
0.069486258218855,0.00891613732313868,0.0520109501842898,0.0869615662534201,"X_primary","model_1","Summary",6.5274117922646e-15,0.000683351418245981,0.00562284927960682,17,"REML","static","maintenance"
0.0601635029208374,0.00658204813154774,0.0472629256384947,0.0730640802031801,"X_primary","model_2","Summary",6.2138747539264e-20,0,0.574286352335404,17,"REML","static","maintenance"
0.0598417486894554,0.00641775368146583,0.0472631826121331,0.0724203147667778,"X_primary","model_3","Summary",1.11605705577829e-20,0,0.568680156664894,17,"REML","static","maintenance"
0.0535565521922766,0.00589144182188436,0.0420095384043702,0.065103565980183,"X_primary","model_4","Summary",9.85230400423197e-20,5.0368765676829e-05,0.357377385668986,17,"REML","static","maintenance"
0.0532776976095114,0.00751585788733081,0.0385468868374217,0.0680085083816011,"X_primary","model_5","Summary",1.35372972069095e-12,0.000250056556279349,0.166441920965567,17,"REML","static","maintenance"
-0.0124157588140047,0.0107201678828739,-0.0334269017726605,0.00859538414465105,"egoX_gender_m_fd","model_1","Summary",0.246795354294353,0.000822672310187379,0.0191796970575557,17,"REML","static","maintenance"
-0.0180706875382185,0.00844059239101892,-0.0346139446327984,-0.00152743044363859,"egoX_gender_m_fd","model_2","Summary",0.0322799694384379,0.000116423093638923,0.392192693247199,17,"REML","static","maintenance"
-0.011740465172636,0.00840392228886798,-0.0282118501876907,0.00473091984241865,"egoX_gender_m_fd","model_3","Summary",0.162406925143512,0.000176066400442284,0.258394193019223,17,"REML","static","maintenance"
-0.0139444432807955,0.00976240241483132,-0.0330784004164517,0.00518951385486072,"egoX_gender_m_fd","model_4","Summary",0.153181837205654,0.000617328111038307,0.0359163140532128,17,"REML","static","maintenance"
-0.0113445400812677,0.00793228546478649,-0.0268915339073398,0.00420245374480434,"egoX_gender_m_fd","model_5","Summary",0.152667387788586,0.000319367806606234,0.105634442186032,17,"REML","static","maintenance"
0.0116312883471943,0.019537329158993,-0.0266611731585361,0.0499237498529248,"altX_gender_m_fd","model_1","Summary",0.551618453374046,0.0024728603886383,0.0349598579776849,17,"REML","static","maintenance"
-0.000193788833280698,0.0129340688156555,-0.025544097885528,0.0251565202189666,"altX_gender_m_fd","model_2","Summary",0.988045885984445,0.00083420704169957,0.10311002384523,17,"REML","static","maintenance"
0.0029916172751944,0.0136089216309635,-0.0236813789899222,0.029664613540311,"altX_gender_m_fd","model_3","Summary",0.826005383920681,0.00101056515793309,0.0851661036870465,17,"REML","static","maintenance"
0.0101233543424855,0.0167939700628596,-0.0227922221381632,0.0430389308231342,"altX_gender_m_fd","model_4","Summary",0.546643759771223,0.00178648480418215,0.0351425499727544,17,"REML","static","maintenance"
-0.000412936949206564,0.00959150109403745,-0.0192119336511965,0.0183860597527834,"altX_gender_m_fd","model_5","Summary",0.965659779383937,0.000805347682776518,0.0032263000172638,17,"REML","static","maintenance"
0.263620777055294,0.0296507453677597,0.205506384019717,0.321735170090871,"egoXaltX_gender_m_sd","model_1","Summary",6.06349588250515e-19,0.00563082693039252,0.019137182853676,17,"REML","static","maintenance"
0.11285975938861,0.0204342448869867,0.0728093753588445,0.152910143418376,"egoXaltX_gender_m_sd","model_2","Summary",3.33127448231882e-08,0.000749079952179743,0.246590403655223,17,"REML","static","maintenance"
0.135462937642748,0.0221879359760414,0.0919753822384259,0.178950493047069,"egoXaltX_gender_m_sd","model_3","Summary",1.02638692944845e-09,0.00196883116348027,0.118222870362643,17,"REML","static","maintenance"
0.183598451215883,0.0244689513442613,0.135640187841668,0.231556714590098,"egoXaltX_gender_m_sd","model_4","Summary",6.22198682065248e-14,0.00313180348062184,0.0546771865757721,17,"REML","static","maintenance"
-0.000395478950626168,0.000792340199911289,-0.00194843720595556,0.00115747930470322,"egoXaltX_gender_m_sd","model_5","Summary",0.617689416481684,0,0.791688209809425,17,"REML","static","maintenance"
0.0526635469999618,0.00669067855505572,0.0395500579999181,0.0657770360000055,"recip_fd","model_0","Summary",3.51306803025452e-15,0.000143827426904924,0.445201919029488,17,"REML","dynamic","creation"
0.0382420950009987,0.00546939129469219,0.0275222850460451,0.0489619049559523,"recip_fd","model_2","Summary",2.70955648397372e-12,8.43556710519759e-06,0.689113490845746,17,"REML","dynamic","creation"
0.0284745108987383,0.00333283327049175,0.0219422777220977,0.035006744075379,"recip_fd","model_3","Summary",1.30064438523968e-17,3.53358795599159e-05,0.189070056037054,17,"REML","dynamic","creation"
0.0335622046498042,0.00405940624769306,0.0256059146057089,0.0415184946938995,"recip_fd","model_4","Summary",1.3649705531599e-16,9.14279962081847e-05,0.0625979411334386,17,"REML","dynamic","creation"
0.0157119083556954,0.00123441367092532,0.0132925020186579,0.0181313146927329,"transTrip1_fd","model_0","Summary",4.12044065993395e-37,0,0.464270368625046,17,"REML","dynamic","creation"
0.0140413646088721,0.00128059536643864,0.0115314438118835,0.0165512854058607,"transTrip1_fd","model_2","Summary",5.64775377035173e-28,0,0.8338342098322,17,"REML","dynamic","creation"
0.0118838051573469,0.00103543504819479,0.00985438975455459,0.0139132205601391,"transTrip1_fd","model_3","Summary",1.7192554413273e-30,0,0.636887778503418,17,"REML","dynamic","creation"
-0.00327058570308501,0.00635920522460657,-0.0157343989136128,0.00919322750744281,"interaction_sd","model_0","Summary",0.60703715498674,0,0.997904377588208,17,"REML","dynamic","creation"
-0.00479903979006231,0.00625849410918835,-0.0170654628415276,0.00746738326140295,"interaction_sd","model_2","Summary",0.443197917816379,0,0.997934864154016,17,"REML","dynamic","creation"
0.0210038168062499,0.00373864369636627,0.0136762098103443,0.0283314238021555,"X_primary","model_1","Summary",1.93145665895901e-08,5.2824096453391e-05,0.243851556527503,17,"REML","dynamic","creation"
0.013360750497862,0.00243125158883087,0.00859558494639774,0.0181259160493263,"X_primary","model_2","Summary",3.89779896651493e-08,0,0.776501536969018,17,"REML","dynamic","creation"
0.013301159824818,0.00249231179320442,0.00841631847189286,0.0181860011777431,"X_primary","model_3","Summary",9.45614876382122e-08,0,0.813149580007116,17,"REML","dynamic","creation"
0.0138639917605392,0.00271621943067288,0.00854029950231249,0.019187684018766,"X_primary","model_4","Summary",3.32284408745726e-07,6.98644231780044e-06,0.537926334910611,17,"REML","dynamic","creation"
0.0119599659604875,0.00267922707707389,0.00670877738301814,0.0172111545379568,"X_primary","model_5","Summary",8.04581064032846e-06,6.58859365707172e-06,0.280569510295003,17,"REML","dynamic","creation"
-0.00160275136990553,0.00159649113465205,-0.00473181649546104,0.00152631375564998,"egoX_gender_m_fd","model_1","Summary",0.315416574730339,2.23378298268058e-05,0.00522751620492941,17,"REML","dynamic","creation"
-0.00253243665230321,0.00137558420358188,-0.0052285321490259,0.000163658844419481,"egoX_gender_m_fd","model_2","Summary",0.0656230359413223,5.1320248267653e-06,0.284451164678767,17,"REML","dynamic","creation"
-0.00133443996558205,0.00132278902514032,-0.00392705881400193,0.00125817888283783,"egoX_gender_m_fd","model_3","Summary",0.313066790827136,7.59893701428973e-06,0.151314909796589,17,"REML","dynamic","creation"
-0.00175022020463623,0.00155957645108472,-0.00480693387989908,0.00130649347062662,"egoX_gender_m_fd","model_4","Summary",0.261760102003341,1.98154072728122e-05,0.0106336197205019,17,"REML","dynamic","creation"
-0.00188603402625668,0.00139430468129964,-0.00461882098507957,0.000846752932566214,"egoX_gender_m_fd","model_5","Summary",0.176161098542288,1.07545574705226e-05,0.0821402210500367,17,"REML","dynamic","creation"
0.000473606312115803,0.00284011112937528,-0.00509290921355113,0.00604012183778273,"altX_gender_m_fd","model_1","Summary",0.86756183554474,9.47520731286024e-05,7.97485779000954e-07,17,"REML","dynamic","creation"
2.58781117002642e-06,0.00202821300940402,-0.00397263664023745,0.0039778122625775,"altX_gender_m_fd","model_2","Summary",0.998981973782318,3.27943918315331e-05,0.00797976603410172,17,"REML","dynamic","creation"
0.000770865816068628,0.00210577838513596,-0.00335638397822077,0.00489811561035802,"altX_gender_m_fd","model_3","Summary",0.714311594416617,4.32147107170424e-05,0.000449644066500851,17,"REML","dynamic","creation"
0.00126284784395996,0.0026274415459114,-0.00388684295751063,0.00641253864543055,"altX_gender_m_fd","model_4","Summary",0.630773912797807,7.94760357374777e-05,3.17048009912825e-06,17,"REML","dynamic","creation"
0.000516194159175962,0.00234426119151933,-0.00407847334655688,0.00511086166490881,"altX_gender_m_fd","model_5","Summary",0.825719434636519,5.63692368242513e-05,0.000136406882273258,17,"REML","dynamic","creation"
0.0489778117918095,0.00440424140078334,0.0403456572670539,0.0576099663165651,"egoXaltX_gender_m_sd","model_1","Summary",9.95986620474216e-29,0.000215505634844148,5.9608956917382e-05,17,"REML","dynamic","creation"
0.0223741417699733,0.00278816755539838,0.0169094337785294,0.0278388497614173,"egoXaltX_gender_m_sd","model_2","Summary",1.01794100394925e-15,2.38011987171983e-06,0.21053529707373,17,"REML","dynamic","creation"
0.0261314217377677,0.00300177830557568,0.0202480443692657,0.0320147991062697,"egoXaltX_gender_m_sd","model_3","Summary",3.16697639855666e-18,3.23268108296099e-05,0.0714687042067969,17,"REML","dynamic","creation"
0.0378686303879576,0.00373111250910657,0.0305557842478419,0.0451814765280734,"egoXaltX_gender_m_sd","model_4","Summary",3.33336294791124e-24,0.000125574426141372,0.0013463618990196,17,"REML","dynamic","creation"
6.73384819459909e-05,0.000163353526119376,-0.00025282854599561,0.000387505509887592,"egoXaltX_gender_m_sd","model_5","Summary",0.680174179861675,0,0.643920127186805,17,"REML","dynamic","creation"
0.195014033128552,0.0160850563572218,0.1634879019791,0.226540164278004,"recip_fd","model_0","Summary",7.88875884320099e-34,0.00188268097283952,0.0237514047123432,17,"REML","dynamic","maintenance"
0.16337998232154,0.0156474287083148,0.132711585602585,0.194048379040495,"recip_fd","model_2","Summary",1.60543756793279e-25,0.00136560737267804,0.0692595787201176,17,"REML","dynamic","maintenance"
0.120208690149731,0.0145352276897514,0.0917201673707292,0.148697212928734,"recip_fd","model_3","Summary",1.33776924002973e-16,0.00215708340820934,0.000350748493979812,17,"REML","dynamic","maintenance"
0.115279097717701,0.0146498015548444,0.0865660142895471,0.143992181145855,"recip_fd","model_4","Summary",3.57524371835782e-15,0.0023525792834656,1.49675418539326e-05,17,"REML","dynamic","maintenance"
0.045518212404917,0.00316281802824929,0.0393192029798944,0.0517172218299395,"transTrip1_fd","model_0","Summary",5.83748619530481e-47,0,0.7869526226681,17,"REML","dynamic","maintenance"
0.0397111500492424,0.00345553807348219,0.0329384198780104,0.0464838802204744,"transTrip1_fd","model_2","Summary",1.44670379633163e-30,0,0.940408009029062,17,"REML","dynamic","maintenance"
0.0438027776392281,0.00313477759729054,0.0376587264489957,0.0499468288294606,"transTrip1_fd","model_3","Summary",2.27283489793968e-44,0,0.905545252360565,17,"REML","dynamic","maintenance"
-0.0922814824031516,0.00975913379789798,-0.111409033167339,-0.073153931638964,"interaction_sd","model_0","Summary",3.20226952818073e-21,0,0.944018600742615,17,"REML","dynamic","maintenance"
-0.0889167307414362,0.0106711443551793,-0.109831789351416,-0.0680016721314569,"interaction_sd","model_2","Summary",7.91891916882092e-17,0,0.939011837510841,17,"REML","dynamic","maintenance"
0.0732191092041982,0.00967604600935884,0.0542544075131024,0.092183810895294,"X_primary","model_1","Summary",3.81799456601751e-14,0.000781633241916221,0.00679775283304951,17,"REML","dynamic","maintenance"
0.0575540085933281,0.0072176074309138,0.0434077579741884,0.0717002592124678,"X_primary","model_2","Summary",1.53480558125732e-15,3.62322250620766e-06,0.457070897140272,17,"REML","dynamic","maintenance"
0.0631418156297715,0.00745717573985784,0.0485260197532643,0.0777576115062786,"X_primary","model_3","Summary",2.51241614189787e-17,0,0.658657468558772,17,"REML","dynamic","maintenance"
0.0560185923285425,0.00674086929298522,0.0428067312897995,0.0692304533672855,"X_primary","model_4","Summary",9.54668434089367e-17,9.08116204093482e-05,0.289554263500537,17,"REML","dynamic","maintenance"
0.0543202312434469,0.0089104109582055,0.0368561466779131,0.0717843158089807,"X_primary","model_5","Summary",1.08575004138333e-09,0.000480896239862852,0.0715954328688076,17,"REML","dynamic","maintenance"
-0.0108278579580949,0.0102902209598679,-0.0309963204323951,0.00934060451620526,"egoX_gender_m_fd","model_1","Summary",0.292686070591866,0.00075023134746575,0.0186485850121348,17,"REML","dynamic","maintenance"
-0.0211492022109299,0.00978719705897849,-0.0403317559561241,-0.0019666484657357,"egoX_gender_m_fd","model_2","Summary",0.0307026853077866,0.000418893167652306,0.22995171207591,17,"REML","dynamic","maintenance"
-0.0126548068206065,0.00957686878365633,-0.0314251247212388,0.00611551108002583,"egoX_gender_m_fd","model_3","Summary",0.186370378078208,0.000385107857151715,0.174698216276572,17,"REML","dynamic","maintenance"
-0.012900285030661,0.00999896522726818,-0.0324978967587749,0.00669732669745302,"egoX_gender_m_fd","model_4","Summary",0.196994414935035,0.000673083316420653,0.0280099447661141,17,"REML","dynamic","maintenance"
-0.0126242964450386,0.00892028541327938,-0.0301077345868842,0.00485914169680696,"egoX_gender_m_fd","model_5","Summary",0.156999726710285,0.000396314833621401,0.110881769658938,17,"REML","dynamic","maintenance"
0.0106352416319753,0.0181819789279825,-0.0250007822345366,0.0462712654984872,"altX_gender_m_fd","model_1","Summary",0.558592688781651,0.0016658020710903,0.0863814472088682,17,"REML","dynamic","maintenance"
-0.00157662836158853,0.0104179225928054,-0.0219953814372133,0.0188421247140362,"altX_gender_m_fd","model_2","Summary",0.879709034825137,0.000182699228469531,0.176781805965874,17,"REML","dynamic","maintenance"
0.00438965208841835,0.0131985935184096,-0.0214791158542483,0.030258420031085,"altX_gender_m_fd","model_3","Summary",0.739447689889306,0.000972944915861771,0.0677397362234075,17,"REML","dynamic","maintenance"
0.00911510387575711,0.0152832830794587,-0.0208395805255123,0.0390697882770265,"altX_gender_m_fd","model_4","Summary",0.550901317304995,0.00116452122397462,0.0773767465413494,17,"REML","dynamic","maintenance"
-0.000449460798146341,0.00982209786616222,-0.019700418868452,0.0188014972721593,"altX_gender_m_fd","model_5","Summary",0.963501410947172,0.000798982353950503,0.00500028390426428,17,"REML","dynamic","maintenance"
0.287797462853374,0.0335371204635882,0.22206591459956,0.353529011107189,"egoXaltX_gender_m_sd","model_1","Summary",9.36763396545867e-18,0.0082168101711637,0.00896289732266821,17,"REML","dynamic","maintenance"
0.12465245047418,0.0248064239282409,0.0760327529895948,0.173272147958764,"egoXaltX_gender_m_sd","model_2","Summary",5.03414534695958e-07,0.00195684063244003,0.191236910997876,17,"REML","dynamic","maintenance"
0.155633687377899,0.0265480969148138,0.103600373566785,0.207667001189013,"egoXaltX_gender_m_sd","model_3","Summary",4.56418623374847e-09,0.00358677841420475,0.0866168887636419,17,"REML","dynamic","maintenance"
0.201445177615804,0.0275012356979273,0.147543746117519,0.255346609114089,"egoXaltX_gender_m_sd","model_4","Summary",2.38987725019073e-13,0.00436497799527035,0.0400991937153171,17,"REML","dynamic","maintenance"
-0.000202862423535933,0.000718461459412283,-0.00161102100826409,0.00120529616119223,"egoXaltX_gender_m_sd","model_5","Summary",0.777669995184435,0,0.874055814810782,17,"REML","dynamic","maintenance"
0.31790171389299,0.0367117063427756,0.245948091650139,0.389855336135841,"recip_fd","model_0","Summary",4.74212633221666e-18,0.00494268941841081,0.408905667579941,17,"REML","accumulated","creation"
0.243576160122261,0.0354658309680601,0.174064408743078,0.313087911501445,"recip_fd","model_2","Summary",6.51489777779805e-12,0.00279210387067405,0.526818765351918,17,"REML","accumulated","creation"
0.174378650418032,0.0201305360633569,0.134923524744368,0.213833776091697,"recip_fd","model_3","Summary",4.61955341673054e-18,0.00216026703038875,0.0428514462697072,17,"REML","accumulated","creation"
0.182886483383897,0.0217720914493764,0.140213968275007,0.225558998492787,"recip_fd","model_4","Summary",4.46318840381603e-17,0.00321236803256458,0.0172355523041656,17,"REML","accumulated","creation"
0.0915482703415892,0.00932554772489849,0.0732705326646787,0.1098260080185,"transTrip1_fd","model_0","Summary",9.5196440752999e-23,0.000641271516572469,0.0149503494706311,17,"REML","accumulated","creation"
0.0875864360879773,0.00800017123491913,0.0719063885973825,0.103266483578572,"transTrip1_fd","model_2","Summary",6.78783458501004e-28,0.000146764676509848,0.303369381107715,17,"REML","accumulated","creation"
0.0717248385947261,0.00670322778154807,0.0585867535627236,0.0848629236267287,"transTrip1_fd","model_3","Summary",1.01728853195188e-26,0.000151910004889807,0.175609325490812,17,"REML","accumulated","creation"
-0.0162066135928644,0.037551507657703,-0.0898062161671422,0.0573929889814135,"interaction_sd","model_0","Summary",0.6660441046144,0,0.996044026491445,17,"REML","accumulated","creation"
-0.0245534307598446,0.0366739724297,-0.0964330958920714,0.0473262343723823,"interaction_sd","model_2","Summary",0.503172994991379,0,0.995432616204886,17,"REML","accumulated","creation"
0.104459272482633,0.0194810063400549,0.0662772016735292,0.142641343291737,"X_primary","model_1","Summary",8.22560398204417e-08,0.00197681294222091,0.0938176986860096,17,"REML","accumulated","creation"
0.072489283038699,0.0135398440881066,0.0459516762697226,0.0990268898076755,"X_primary","model_2","Summary",8.61378100873339e-08,0,0.552269556605865,17,"REML","accumulated","creation"
0.0753812650763395,0.0143600753020124,0.047236034669112,0.103526495483567,"X_primary","model_3","Summary",1.52625070929537e-07,0,0.65221909015258,17,"REML","accumulated","creation"
0.072890485735414,0.015508502741975,0.0424943789070023,0.103286592563826,"X_primary","model_4","Summary",2.60118544183148e-06,0.000626750788640011,0.323281941211461,17,"REML","accumulated","creation"
0.0576347379282237,0.0144242852547223,0.0293636583262357,0.0859058175302116,"X_primary","model_5","Summary",6.45105238838138e-05,0.00062892343087613,0.127196356527451,17,"REML","accumulated","creation"
-0.00748299088800479,0.00749965930292413,-0.0221820530180568,0.00721607124204727,"egoX_gender_m_fd","model_1","Summary",0.318387290247524,0.000447792105089146,0.012953197542578,17,"REML","accumulated","creation"
-0.0152024387364341,0.00707140692987608,-0.0290621416390182,-0.00134273583385003,"egoX_gender_m_fd","model_2","Summary",0.0315673665019405,3.72709311700178e-05,0.307259253554654,17,"REML","accumulated","creation"
-0.0080145763908573,0.0073770046401351,-0.022473239799307,0.00644408701759237,"egoX_gender_m_fd","model_3","Summary",0.277290159246278,0.000186039978990462,0.197569962022488,17,"REML","accumulated","creation"
-0.00882875785354058,0.00794910277371854,-0.0244087129994364,0.0067511972923552,"egoX_gender_m_fd","model_4","Summary",0.266714326822893,0.000470715285155643,0.0234490172883809,17,"REML","accumulated","creation"
-0.00931590990456483,0.00648942889307447,-0.0220349568152244,0.00340313700609475,"egoX_gender_m_fd","model_5","Summary",0.151129980980241,0.000202149779247513,0.104496303603152,17,"REML","accumulated","creation"
0.0011488235831771,0.0139637257489755,-0.0262195759748096,0.0285172231411638,"altX_gender_m_fd","model_1","Summary",0.934430423193331,0.00242461080815911,3.05015671238079e-08,17,"REML","accumulated","creation"
0.00177937977396212,0.011478399691169,-0.0207178702208847,0.0242766297688089,"altX_gender_m_fd","model_2","Summary",0.876805670113008,0.00123236661521779,0.000559806452969228,17,"REML","accumulated","creation"
0.00356063940546731,0.0114802211779263,-0.0189401806378222,0.0260614594487568,"altX_gender_m_fd","model_3","Summary",0.756443658257826,0.00131875784250303,0.000114486434268323,17,"REML","accumulated","creation"
0.00547060520077635,0.0136758371362609,-0.0213335430447303,0.032274753446283,"altX_gender_m_fd","model_4","Summary",0.689141956783514,0.0022582176957114,1.44592665690211e-07,17,"REML","accumulated","creation"
0.00212712119173075,0.0114056554008369,-0.0202275526139844,0.0244817949974459,"altX_gender_m_fd","model_5","Summary",0.8520549847381,0.0013574571072949,9.15365415796657e-05,17,"REML","accumulated","creation"
0.239478592256206,0.0277465803457703,0.185096294084349,0.293860890428063,"egoXaltX_gender_m_sd","model_1","Summary",6.08589647265202e-18,0.0103505424662152,1.2941564245157e-10,17,"REML","accumulated","creation"
0.123803168546215,0.0229704632709814,0.0787818878268911,0.168824449265539,"egoXaltX_gender_m_sd","model_2","Summary",7.05880045855588e-08,0.00418848974603621,0.012057417589794,17,"REML","accumulated","creation"
0.153959909499472,0.0225925737293464,0.109679278671887,0.198240540327057,"egoXaltX_gender_m_sd","model_3","Summary",9.45102074640086e-12,0.00463823762787907,0.00233485049408877,17,"REML","accumulated","creation"
0.199430047280739,0.0241270277546795,0.152141941827569,0.246718152733909,"egoXaltX_gender_m_sd","model_4","Summary",1.38719500094118e-16,0.00677382837907496,7.81602828969266e-06,17,"REML","accumulated","creation"
0.000780571445775272,0.00135068527865106,-0.00186672305482925,0.00342786594637979,"egoXaltX_gender_m_sd","model_5","Summary",0.563326424951688,2.22378518035236e-06,0.646559296335064,17,"REML","accumulated","creation"
1.01229222822207,0.0874821457289375,0.840830373303068,1.18375408314107,"recip_fd","model_0","Summary",5.75259082162702e-31,0.0785987187398885,0.000391240173321041,17,"REML","accumulated","maintenance"
0.87410754692434,0.0933970355923406,0.691052720900546,1.05716237294813,"recip_fd","model_2","Summary",8.04566547711779e-21,0.0770894224036624,0.00308399129736287,17,"REML","accumulated","maintenance"
0.673390692690328,0.0796112264750991,0.517355556034072,0.829425829346584,"recip_fd","model_3","Summary",2.70863898056326e-17,0.0718484352467558,2.39700476477486e-05,17,"REML","accumulated","maintenance"
0.609966750191972,0.0755265259368242,0.461937479478366,0.757996020905578,"recip_fd","model_4","Summary",6.68204564871638e-16,0.0697826839578388,2.0936054884541e-08,17,"REML","accumulated","maintenance"
0.243153553006826,0.0186745259582263,0.206552154700344,0.279754951313308,"transTrip1_fd","model_0","Summary",9.34325064630605e-39,0.00215394640710288,0.0402052752985008,17,"REML","accumulated","maintenance"
0.219360142100826,0.0185553619190335,0.182992301019414,0.255727983182238,"transTrip1_fd","model_2","Summary",3.00705113174027e-32,0.00140365028897428,0.0935440133020193,17,"REML","accumulated","maintenance"
0.239481323203516,0.0159090209661495,0.20830021508057,0.270662431326461,"transTrip1_fd","model_3","Summary",3.29040618194923e-51,1.33497063094696e-06,0.510626773670508,17,"REML","accumulated","maintenance"
-0.494651212692384,0.051538723142022,-0.595665253859928,-0.39363717152484,"interaction_sd","model_0","Summary",8.17788229751209e-22,0,0.875215385755715,17,"REML","accumulated","maintenance"
-0.458217845821305,0.0594203683846734,-0.574679627803367,-0.341756063839243,"interaction_sd","model_2","Summary",1.24385595230122e-14,0,0.935355769927765,17,"REML","accumulated","maintenance"
0.34637681700815,0.0467295941853495,0.254788495392693,0.437965138623608,"X_primary","model_1","Summary",1.24066554044624e-13,0.020615296323015,0.00103224449537467,17,"REML","accumulated","maintenance"
0.306353495662507,0.0489728618092601,0.2103684502965,0.402338541028513,"X_primary","model_2","Summary",3.96049511011661e-10,0.0156990295279683,0.0529899782405897,17,"REML","accumulated","maintenance"
0.346339935712834,0.0438809400774339,0.260334873553304,0.432344997872365,"X_primary","model_3","Summary",2.95672513315226e-15,0.00603128576699656,0.260497868390799,17,"REML","accumulated","maintenance"
0.287806218783479,0.0424217183547665,0.204661178645835,0.370951258921123,"X_primary","model_4","Summary",1.16563991863032e-11,0.0114482496148543,0.0515051521065581,17,"REML","accumulated","maintenance"
0.257725705759983,0.049027241475544,0.161634078206568,0.353817333313397,"X_primary","model_5","Summary",1.46594903349129e-07,0.0208166708620573,0.00332245224503618,17,"REML","accumulated","maintenance"
-0.0540000563081961,0.0496444594137474,-0.151301408791101,0.0433012961747092,"egoX_gender_m_fd","model_1","Summary",0.276711753821543,0.0147478655153784,0.0715197348038553,17,"REML","accumulated","maintenance"
-0.121062240670633,0.0501269166188344,-0.219309191899591,-0.0228152894416754,"egoX_gender_m_fd","model_2","Summary",0.0157302660694503,0.00582795743026802,0.4223054701003,17,"REML","accumulated","maintenance"
-0.0707967697723535,0.0511701978943564,-0.171088514727079,0.0294949751823722,"egoX_gender_m_fd","model_3","Summary",0.166494835440792,0.00424494834369917,0.321959673850099,17,"REML","accumulated","maintenance"
-0.0645010894501298,0.0515382747274778,-0.165514251741317,0.0365120728410574,"egoX_gender_m_fd","model_4","Summary",0.210745473301126,0.0155119475894448,0.0856420796645542,17,"REML","accumulated","maintenance"
-0.0613416344774929,0.0414930409475548,-0.142666500343746,0.0199832313887602,"egoX_gender_m_fd","model_5","Summary",0.139311558922076,0.00841625410089333,0.124971362025218,17,"REML","accumulated","maintenance"
0.0554574356688017,0.085115054620438,-0.111365005929416,0.22227987726702,"altX_gender_m_fd","model_1","Summary",0.514686039397683,0.0413745576001131,0.0592889644876547,17,"REML","accumulated","maintenance"
-0.000971986674257804,0.0605954192322101,-0.119736825997495,0.11779285264898,"altX_gender_m_fd","model_2","Summary",0.987202004470575,0.0135172240383403,0.163071615760264,17,"REML","accumulated","maintenance"
0.0307927475709648,0.072880919893062,-0.112051230579585,0.173636725721515,"altX_gender_m_fd","model_3","Summary",0.672654504296816,0.0305621451280898,0.0593803306317571,17,"REML","accumulated","maintenance"
0.0550962937546956,0.0797397305258551,-0.10119070621291,0.211383293722301,"altX_gender_m_fd","model_4","Summary",0.489595962541028,0.0352982887913363,0.059130341232861,17,"REML","accumulated","maintenance"
-0.00228361692360189,0.0474219538466511,-0.0952289385395587,0.090661704692355,"altX_gender_m_fd","model_5","Summary",0.961592499310232,0.0201087975741697,0.00334635868319699,17,"REML","accumulated","maintenance"
1.34616676429073,0.155886412371694,1.04063501036305,1.65169851821841,"egoXaltX_gender_m_sd","model_1","Summary",5.84390646577844e-18,0.185395477131042,0.010687819263638,17,"REML","accumulated","maintenance"
0.708467867648016,0.169125339404096,0.376988293542876,1.03994744175316,"egoXaltX_gender_m_sd","model_2","Summary",2.80173108768116e-05,0.216172769369997,0.0150370538150086,17,"REML","accumulated","maintenance"
0.894317512449531,0.16714842492131,0.566712619531166,1.2219224053679,"egoXaltX_gender_m_sd","model_3","Summary",8.77409480183426e-08,0.216910601561638,0.0104459887840806,17,"REML","accumulated","maintenance"
1.06035558762139,0.148220219299876,0.769849296013003,1.35086187922977,"egoXaltX_gender_m_sd","model_4","Summary",8.43342419294408e-13,0.152955682076374,0.0227285575646126,17,"REML","accumulated","maintenance"
-0.00183900085996275,0.0051297395425611,-0.0118931056134535,0.00821510389352796,"egoXaltX_gender_m_sd","model_5","Summary",0.719970738218436,3.38969670728955e-07,0.856015780862888,17,"REML","accumulated","maintenance"
